"Service","Relational Database Service($)","ElastiCache($)","Tax($)","EC2-Instances($)","EC2-Other($)","Elastic Load Balancing($)","VPC($)","CloudWatch($)","WAF($)","Secrets Manager($)","Lightsail($)","Route 53($)","S3($)","EC2 Container Registry (ECR)($)","Elastic Container Service($)","CloudShell($)","Key Management Service($)","Glue($)","SNS($)","SQS($)","CloudFormation($)","Certificate Manager($)","Data Transfer($)","Total costs($)"
"Service total","578.2333476633","371.4296","284.36","183.3391212137","137.3615464861","54.1859137259","50.54692431","15.9514672615","11.1515269702","9.6649601668","8.5516605146","1.0188392","0.3029074122","0.1208964438","0.0641929448","1.508e-7","0","0","0","0","0","0","-0.0723664264","1706.2105380373"
"2026-03-01","0.0000152729","","0","","","","0","0","","","0","","","","","","","","","","","","-0.0000152718","1.1e-9"
"2026-03-02","0.0000008664","","","","","","0","0","","","0","","","","","","","","","","","","-0.0000008656","8e-10"
"2026-03-03","0.0008284525","","","","","","0","0","","","0","","","","","","0","","","","","","-0.0008284522","3e-10"
"2026-03-04","0.0001163285","","","","","","0","0","","","0","","","","","","0","","","","","","-0.0001163278","7e-10"
"2026-03-05","0.0003753051","","","","","","0","0","","","0","","","","","0.0000000821","0","","","","","","-0.0003753876","-4e-10"
"2026-03-06","0.0011973141","","","","","","0","0","","","0","","","","","","0","","","","","","-0.0011973138","3e-10"
"2026-03-07","0.003532935","","","","","","0","0","","","0","","","","","","0","","","","","","-0.0035329352","-2e-10"
"2026-03-08","0.0046260389","","","","","","0","0","","","0","","","","","","0","","","","","","-0.0046260386","3e-10"
"2026-03-09","0.0000620257","","","","","","0","0","","","0","","","","","","","","","","","","-0.000062026","-3e-10"
"2026-03-10","0.0012993702","","","","","","0","0","","","0","","","","","","0","","","","","","-0.00129937","2e-10"
"2026-03-11","0.0026870898","","","","","","0","0","","","0","","","","","","0","0","","","","","-0.0026870894","4e-10"
"2026-03-12","0.0004687065","","","","","","0","0","","","0","","","","","","0","","","","","","-0.0004687068","-3e-10"
"2026-03-13","0.0006999726","","","","","","0","0","","","0","","","","","","0","","","","","","-0.0006999724","2e-10"
"2026-03-14","0.0062775848","","","","","","0","0","","","0","","","","","","0","","","","","","-0.0062775848","0"
"2026-03-15","0.0005562349","","","","","","0","0","","","0","","","","","","0","","","","","","-0.0005562346","3e-10"
"2026-03-16","0.0107905379","","","","","","0","0","","","0","","","","","","0","","","","","","-0.0107905374","5e-10"
"2026-03-17","0.0000583161","","","","","","0","0","","","0","","","","","","","","","","","","-0.0000583154","7e-10"
"2026-03-18","0.0000562328","","","","","","0","0","","","0","","","","","","","","","","","","-0.0000562326","2e-10"
"2026-03-19","0.0002116352","","","","","","0","0","","","0","","","","","","","","","","","","-0.0002116352","0"
"2026-03-20","0.0001217406","","","","","","0","0","","","0","","","","","","","","","","","","-0.0001217404","2e-10"
"2026-03-21","0.000056234","","","","","","0","0","","","0","","","","","","","","","","","","-0.000056234","0"
"2026-03-22","0.0000562783","","","","","","0","0","","","0","","","","","","","","","","","","-0.0000562778","5e-10"
"2026-03-23","0.0000561381","","","","","","0","0","","","0","","","","","","","","","","","","-0.0000561378","3e-10"
"2026-03-24","0.0019997503","","","","","","0","0","","","0","","","","","","0","","","","","","-0.0019997508","-5e-10"
"2026-03-25","0.0028845898","","","","","","0","0","","","0","","","","","","0","","","","","","-0.00288459","-2e-10"
"2026-03-26","0.0055280703","","","","","","0","0","","","0","","","","","","0","","","","","","-0.0055280704","-1e-10"
"2026-03-27","0.0000561068","","","","","","0","0","","","0","","","","","","","","","","","","-0.0000561066","2e-10"
"2026-03-28","0.0010410591","","","","","","0","0","","","0","","","","","","0","","","","","","-0.0010410592","-1e-10"
"2026-03-29","0.0029598318","","","","","","0","0","","","0","","0.0000000088","","","","0","","0","0","","","-0.0029598404","2e-10"
"2026-03-30","0.0232752627","","","","","","0","0","","","0","","","","","","0","","","","","","-0.0232752628","-1e-10"
"2026-03-31","0.0004710589","","","","","","0","0","","","0","","","","","","0","","","","","","-0.000471059","-1e-10"
"2026-04-01","0.4645621661","","38.33","","","","0.12","0.6","","","0","","","","","","0","","","","","","","39.5145621661"
"2026-04-02","0.4645994861","","","","","","0.12","0.6","","","0","","","","","","0","","","","","","","1.1845994861"
"2026-04-03","0.4646314979","","","","","","0.12","0.6","","","0","","","","","","","","","","","","","1.1846314979"
"2026-04-04","0.4644613127","","","","","","0.12","0.6","","","0","","","","","","","","","","","","","1.1844613127"
"2026-04-05","0.4647269901","","","","","","0.12","0.6","","","0","","","","","","0","","","","","","","1.1847269901"
"2026-04-06","0.4645021744","","","","","","0.12","0.6","","","0","","","","","","","","","","","","","1.1845021744"
"2026-04-07","0.4663208052","","","","","","0.12","0.6","","","0","","","","","","0","","","","","","","1.1863208052"
"2026-04-08","0.4649116009","","","","","","0.12","0.6","","","0","","","","","","","","","","","","","1.1849116009"
"2026-04-09","0.4644652012","","","","","","0.12","0.6","","","0","","","","","","","","","","","","","1.1844652012"
"2026-04-10","0.4652926138","","","","","","0.12","0.6","","","0","","","","","","0","","","","","","","1.1852926138"
"2026-04-11","0.4647558888","","","","","","0.12","0.6","","","0","","","","","","","","","","","","","1.1847558888"
"2026-04-12","0.4647936552","","","","","","0.12","0.6","","","0","","","","","","","","","","","","","1.1847936552"
"2026-04-13","0.4644240047","","","","","","0.12","0.6","","","0","","","","","","","","","","","","","1.1844240047"
"2026-04-14","0.4647044915","","","","","","0.12","0.6","","0.000005","0","","0.0000200091","","","","0","0","0","0","","","","1.1847295006"
"2026-04-15","0.4645704938","","","","","","0.12","0.6","","0.000005","0","","0.0000200091","","","","0","0","0","","","","","1.1845955029"
"2026-04-16","0.4662069281","","","","","","0.12","0.6","","","0","","","","","","0","0","","0","","","","1.1862069281"
"2026-04-17","0.4746303845","","","0","0.9000003224","","0.209644445","0.6","","0.00002","0.0383795844","","0.0000821975","","","","0","0","0","0","","","","2.2227569338"
"2026-04-18","0.464468809","1.2288","","0","2.4000291086","0.2381429178","0.40307639","0.6","","0.0268629634","0.0921110026","","0.0000228307","0.0007439202","0.0037853332","0.0000000687","0","0","0","0","0","","","5.4580433442"
"2026-04-19","0.4645826003","0","","0","2.4001833319","0.635169651","0.490997225","0.6","","0.0534483376","0.0921110026","","0.0000050018","0.002735916","0.0066243331","","0","0","0","","","","","4.7458573993"
"2026-04-20","0.4646255882","0","","0","2.400597886","0.6350482906","0.490977785","0.6","","0.1345128623","0.0921110026","","0.0000150073","0.0027359178","0.0537832785","","0","0","","","0","","","4.8744076183"
"2026-04-21","0.464851243","0","","0","2.4000005246","0.635050629","0.48","0.6","","0.2133483504","0.0921110026","","0.0000300018","0.0027359208","","","0","0","0","0","","","","4.8881276722"
"2026-04-22","0.4647448341","0","","0","2.4000004025","0.6350478616","0.48","0.6","","0.2134283504","0.0921110026","","0.0000200016","0.0027359208","","","","0","0","0","","","","4.8880883736"
"2026-04-23","0.466154113","0","","0","2.4000002372","0.6350657176","0.48","0.6","","0.2133333504","0.0921110026","","0.0000158507","0.0027359208","","","0","0","","0","","","","4.8894161923"
"2026-04-24","0.5074519329","0","","0.5564355608","2.4799405049","0.6350674509","0.53898611","0.6","","0.2147764731","0.0921110026","","0","0.0027359208","","","0","0","","","","","","5.627504956"
"2026-04-25","0.9178188217","0","","1.1322886824","2.5856025121","0.6350666391","0.5829","0.5","","0.2266666848","0.1046188221","","0","0.0027359208","","","0","0","","","","","","6.687698083"
"2026-04-26","0.5452845245","0","","1.1328","2.5856325105","0.6350661861","0.48","0","","0.2266666848","0.2121110026","","0.00025218","0.0027359208","","","","0","","","","","","5.8205490093"
"2026-04-27","5.4015943805","0","","1.7392277028","2.6919231667","0.6350644382","0.55770695","0","","0.2266816848","0.2121110026","","0.0030700352","0.0027359208","","","0","0","0","0","","","","11.4701152816"
"2026-04-28","20.1722710769","6.364","","3.5088","2.9254994896","0.6350662891","0.72","0","","0.2266766848","0.2121110026","","0.006990374","0.0027359208","","","0","0","0","0","","","","34.7741508378"
"2026-04-29","20.1691888016","9.8304","","3.5088","2.9254049453","0.6350709652","0.72","0","","0.2266666848","0.2121110026","","0.0069658","0.0027359208","","","0","0","","","","","","38.2373441203"
"2026-04-30","20.1691888016","9.8304","","3.5088","2.9254250739","0.6350984701","0.72","0","","0.2267616848","0.12","","0.00696458","0.0027359208","","","","0","","","","","","38.1453745312"
"2026-05-01","20.1565052932","9.8304","235.25","3.5088","2.9085215557","0.6351877152","0.72","0","","0.2193548352","0.2041396799","","0.0069708107","0.0026476656","","","","0","0","0","","","","273.4425275555"
"2026-05-02","20.1565052932","9.8304","","3.5088","2.9084273223","0.6350540873","0.724863895","0","","0.2193598352","0.2091396799","","0.0069807812","0.0026476656","","","0","0","0","0","","","","38.2021785597"
"2026-05-03","20.1586862172","9.8304","","3.5088","2.9084274454","0.63505167","0.72","0","","0.2193648352","0.2091396799","","0.006985405","0.0026476656","","","0","0","0","","","","","38.1995029183"
"2026-05-04","20.1601891258","9.8304","","3.5088","2.9085509277","0.6350486508","0.72","0","","0.2194498352","0.2091396799","","0.00696622","0.0026476656","","","0","0","","0","","","","38.201192105"
"2026-05-05","20.1639209991","9.8304","","3.5088","2.908478717","0.6350496375","0.72","0","","0.2193548352","0.2091396799","","0.006979966","0.0026476656","","","","0","0","","","","","38.2047715003"
"2026-05-06","20.1769720303","9.8304","","3.5088","2.9084331339","0.6350513653","0.72","0","","0.2193548352","0.2091396799","","0.0069674","0.0026476656","","","","0","","","","","","38.2177661102"
"2026-05-07","20.1807402924","9.8304","","3.4840331216","2.9084259175","0.6350659883","0.72195417","0","","0.2193548352","0.2091396799","","0.0069716031","0.0026476656","","","","0","0","","","","","38.1987332736"
"2026-05-08","20.1809856294","9.8304","","3.4958724392","2.9084507873","0.6350711986","0.72","0","","0.2193548352","0.2091396799","","0.0069803894","0.0026476656","","","0","0","","","","","","38.2089026246"
"2026-05-09","20.1811210053","9.8304","","3.5088","2.908430264","0.6350694065","0.72","0","","0.2193548352","0.2091396799","","0.00696702","0.0026476656","","","0","0","","","","","","38.2219298765"
"2026-05-10","20.1812247532","9.8304","","3.529430353","2.9114751866","0.6350689269","0.73252361","0","","0.2193548352","0.2091396799","","0.00694566","0.0026476656","","","","0","","","","","","38.2582106704"
"2026-05-11","20.4154435123","9.8304","","3.792","2.9333954873","0.6351954591","0.84","0","","0.2193998352","0.2091396799","","0.0069912911","0.0026476656","","","0","0","0","0","","","","38.8846129305"
"2026-05-12","21.9025693295","9.8304","","3.792","2.9323807868","0.6350536055","0.841109725","0","","0.2193548352","0.2091396799","0.5","0.00696572","0.0026476656","","","0","0","","0","","","","40.8716213475"
"2026-05-13","21.7183818579","9.8304","","3.792","2.9330070429","0.6350526145","0.84","0","","0.2194598352","0.2091396799","0.000112","0.00698248","0.0026476656","","","0","0","","","","","","40.187183176"
"2026-05-14","20.7389812966","10.0976","","3.792","2.9331871932","1.5691853221","1.193384735","0","0.0490330954","0.2193548352","0.2091396799","0.0011888","0.0073404312","0.0026476656","","","0","0","0","","","0","","40.8130430542"
"2026-05-15","20.7286474741","16.2432","","6.0721496816","3.3431155408","1.9291129006","1.58246812","0","0.5816189568","0.2193548352","0.2091396799","0.0010884","0.009458479","0.0026476656","","","","0","","","","","","50.9220017336"
"2026-05-16","20.7284663841","16.2432","","6.1965056168","3.3762376818","1.9291098402","1.59823061","0","0.5816825568","0.2193548352","0.2091396799","0.0017436","0.0095300123","0.0026476656","","","","0","0","","","","","51.0958484827"
"2026-05-17","20.7283231486","16.2432","","6.1945757056","3.3742277638","1.9290761248","1.59795148","0","0.5818487568","0.2194498352","0.2091396799","0.0007704","0.0093605241","0.0026476656","","","","0","","0","","","","51.0905710844"
"2026-05-18","20.7283907895","16.2432","","6.1948886216","3.3802352859","1.9290724749","1.599852805","0.0030801815","0.5822999568","0.2193548352","0.2091396799","0.0008036","0.0090084172","0.0026476656","","","0","0","","","","","","51.1019743131"
"2026-05-19","20.6424290586","16.064","","6.197317565","3.3796128874","1.9293867298","1.60321952","0.08064516","0.5839565568","0.2193648352","0.2091396799","0.000932","0.0083763465","0.0026476656","","","0","0","0","","","","","50.9210280048"
"2026-05-20","20.27914861","9.1776","","6.1980990016","3.3785498502","1.9297558896","1.59869729","0.08064516","0.5838743568","0.2193548352","0.2091396799","0.00077","0.009807491","0.0026476656","","","","0","","","","","","43.6680898299"
"2026-05-21","20.2609728243","9.1776","","6.2006035531","3.3772548385","1.929213009","1.600818105","0.08064516","0.5822849568","0.2193548352","0.2091396799","0.000774","0.0096435569","0.0026476656","","","","0","","","","","","43.6509521843"
"2026-05-22","12.9303009475","9.1776","","6.1978784622","3.3794827024","1.9296416447","1.59870419","0.08064516","0.5816681568","0.2194498352","0.2091396799","0.0012488","0.0093262402","0.0026476656","","","0","0","","","","","","36.3177334845"
"2026-05-23","6.1685255944","9.1776","","6.1980155752","3.3795136616","1.9295086746","1.598719445","0.08064516","0.5826461568","0.2193548352","0.2091396799","0.0011328","0.0092808651","0.0026476656","","","0","0","","","","","","29.5567301134"
"2026-05-24","5.0745479105","9.1776","","6.1971545624","3.3791432714","1.9297130294","1.59872923","0.08064516","0.5830643568","0.2193548352","0.2091396799","0.0007312","0.0095447975","0.0026476656","","","0","0","","","","","","28.4620156987"
"2026-05-25","5.0717439777","9.1776","","6.1978749768","3.3787940735","1.9294949638","1.598730575","0.08064516","0.5822849568","0.2193548352","0.2091396799","0.0005912","0.0096281966","0.0026476656","","","0","0","","","","","","28.4585302609"
"2026-05-26","5.0666750612","9.1776","","6.1970520256","3.3781176894","1.9304569429","1.5988973","0.08064516","0.6186629568","0.2193598352","0.2091396799","0.0009036","0.0101444443","0.0026476656","","","","0","","","","","","28.4903023609"
"2026-05-27","5.0604000624","9.1776","","6.1976143504","3.3781215783","1.9291723251","1.598686135","0.08064516","0.5826341568","0.2194498352","0.2091396799","0.0008696","0.0094291351","0.0026476656","","","","0","","","","","","28.4464096838"
"2026-05-28","5.0494336337","9.1776","","5.6698163712","3.4232118404","1.9296745069","1.536913885","0.08064516","0.5843477568","0.2193548352","0.2091396799","0.0015104","0.0094949142","0.0026476656","","","0","0","","","","","","27.8937906489"
"2026-05-29","5.0494995326","9.1776","","5.9430222272","2.9958095944","1.9294845437","1.564375","0.08064516","0.5828747568","0.2193548352","0.2091396799","0.0007112","0.0091626832","0.0026476656","","","0","0","","","","","","27.7643268786"
"2026-05-30","5.0434365259","9.1776","","5.9666044096","2.9971714681","1.9298992171","1.562787505","0.08064516","0.5846693568","0.2193548352","0.2091396799","0.000658","0.0095227168","0.0026476656","","","0","0","0","","","","","27.78413654"
"2026-05-31","5.0487784495","9.1776","","5.9540729088","2.9900577364","1.9307809106","1.561305555","0.08064516","0.5841377568","0.2193548352","0.2091396799","0.0005584","0.009945694","0.0026476656","","","0","0","","","","","","27.7690247518"
"2026-06-01","5.0614717043","8.8992","10.78","6.7990089064","3.0059697992","1.9302555022","1.64365001","0","0.6056178048","0.2267616848","0.2071110026","0.5007004","0.0102268517","0.0027359208","","","0","0","0","","","","","39.6727095868"
"2026-06-02","4.3827777761","6.216","","7.2407788328","2.8270874388","1.7688733421","1.69606251","0","0.5523196044","0.2077777944","0.11","0.0010408","0.0095469812","0.0025079274","","","0","0","","","","0","","25.0147730072"
"2026-06-03","","","","","","","","","","","","","","","","","","","","","","","","0"